<drawing><figures><lcaf id="0"><points><p colinear="true" x="254.130859375" y="174.9621397316331" c1x="-5" c1y="38" c2x="-5" c2y="38"/><p colinear="true" x="279" y="175.84032476837837" c1x="-5" c1y="38" c2x="-5" c2y="38"/></points><startConnector><rConnector id="1"><Owner><atrchave id="2" nullable="false" attributeType="NUMBER"><children><e id="3" x="143" y="163" w="111.130859375" h="20"><a><fillColor><color rgba="#ffffebeb"/></fillColor></a></e><t id="4" x="153" y="166.015625"><a><fontUnderlined><boolean>true</boolean></fontUnderlined><fontBold><boolean>true</boolean></fontBold><text><string>data_retirada</string></text></a></t></children></atrchave></Owner></rConnector></startConnector><endConnector><rConnector id="5"><Owner><rel id="6"><children><diamond id="7" x="279" y="150" w="94" h="55"><a><fillColor><color rgba="#ffddddff"/></fillColor></a></diamond><t id="8" x="303.4560546875" y="170.515625"><a><text><string>Aluguel</string></text></a></t></children></rel></Owner></rConnector></endConnector></lcaf><atrchave ref="2"/><lcaf id="9"><points><p colinear="true" x="213" y="628.3809523809524" c1x="-105" c1y="161" c2x="-105" c2y="161"/><p colinear="true" x="238" y="628.6190476190476" c1x="-105" c1y="161" c2x="-105" c2y="161"/></points><startConnector><rConnector id="a"><Owner><ent id="b"><children><r id="c" x="133" y="608" w="80" h="40"><a><fillColor><color rgba="#ffebffe8"/></fillColor></a></r><t id="d" x="156.6787109375" y="621.015625"><a><text><string>Filme</string></text></a></t></children></ent></Owner></rConnector></startConnector><endConnector><rConnector id="e"><Owner><atr id="f" nullable="false" attributeType="VARCHAR2(128)"><children><e id="10" x="238" y="619" w="80" h="20"><a><fillColor><color rgba="#ffffebeb"/></fillColor></a></e><t id="11" x="249.6904296875" y="622.015625"><a><text><string>categoria</string></text></a></t></children></atr></Owner></rConnector></endConnector></lcaf><lcaf id="12"><points><p colinear="true" x="102" y="626.081081081081" c1x="-105" c1y="161" c2x="-105" c2y="161"/><p colinear="true" x="133" y="626.918918918919" c1x="-105" c1y="161" c2x="-105" c2y="161"/></points><startConnector><rConnector id="13"><Owner><atrchave id="14" nullable="false" attributeType="NUMBER"><children><e id="15" x="22" y="615" w="80" h="20"><a><fillColor><color rgba="#ffffebeb"/></fillColor></a></e><t id="16" x="34.7421875" y="618.015625"><a><fontUnderlined><boolean>true</boolean></fontUnderlined><fontBold><boolean>true</boolean></fontBold><text><string>filme_ID</string></text></a></t></children></atrchave></Owner></rConnector></startConnector><endConnector><rConnector id="17"><Owner><ent ref="b"/></Owner></rConnector></endConnector></lcaf><ent ref="b"/><atr ref="f"/><atrchave ref="14"/><ent id="18"><children><r id="19" x="134" y="404" w="80" h="40"><a><fillColor><color rgba="#ffebffe8"/></fillColor></a></r><t id="1a" x="162.8525390625" y="417.015625"><a><text><string>Fita</string></text></a></t></children></ent><rel id="1b"><children><diamond id="1c" x="111" y="498" w="125" h="59"><a><fillColor><color rgba="#ffddddff"/></fillColor></a></diamond><t id="1d" x="130.005859375" y="520.515625"><a><text><string>Cont&#xe9;m_V&#xed;deo</string></text></a></t></children></rel><ent id="1e"><children><r id="1f" x="472" y="407" w="80" h="40"><a><fillColor><color rgba="#ffebffe8"/></fillColor></a></r><t id="20" x="499.091796875" y="420.015625"><a><text><string>Vinil</string></text></a></t></children></ent><atrchave id="21" nullable="false" attributeType="NUMBER"><children><e id="22" x="187" y="283" w="80" h="20"><a><fillColor><color rgba="#ffffebeb"/></fillColor></a></e><t id="23" x="201.541015625" y="286.015625"><a><fontUnderlined><boolean>true</boolean></fontUnderlined><fontBold><boolean>true</boolean></fontBold><text><string>item_ID</string></text></a></t></children></atrchave><lcaf id="24"><points><p colinear="true" x="267" y="293" c1x="-105" c1y="161" c2x="-105" c2y="161"/><p colinear="true" x="286" y="293" c1x="-105" c1y="161" c2x="-105" c2y="161"/></points><startConnector><rConnector id="25"><Owner><atrchave ref="21"/></Owner></rConnector></startConnector><endConnector><rConnector id="26"><Owner><ent id="27"><children><r id="28" x="286" y="273" w="80" h="40"><a><fillColor><color rgba="#ffebffe8"/></fillColor></a></r><t id="29" x="312.341796875" y="286.015625"><a><text><string>Item</string></text></a></t></children></ent></Owner></rConnector></endConnector></lcaf><llabelDoubleMuitos id="2a"><points><p colinear="true" x="173.64251207729467" y="498" c1x="-105" c1y="161" c2x="-105" c2y="161"/><p colinear="true" x="173.90338164251207" y="444" c1x="-105" c1y="161" c2x="-105" c2y="161"/></points><startConnector><rConnector id="2b"><Owner><rel ref="1b"/></Owner></rConnector></startConnector><endConnector><rConnector id="2c"><Owner><ent ref="18"/></Owner></rConnector></endConnector><a><innerStrokeWidthFactor><double>3</double></innerStrokeWidthFactor><text><string>N</string></text></a></llabelDoubleMuitos><atr id="2d" nullable="false" attributeType="VARCHAR2(128)"><children><e id="2e" x="582" y="596" w="80" h="20"><a><fillColor><color rgba="#ffffebeb"/></fillColor></a></e><t id="2f" x="604.990234375" y="599.015625"><a><text><string>nome</string></text></a></t></children></atr><atr id="30" nullable="false" attributeType="VARCHAR2(128)"><children><e id="31" x="570" y="631" w="105.201171875" h="20"><a><fillColor><color rgba="#ffffebeb"/></fillColor></a></e><t id="32" x="580.685546875" y="634.015625"><a><text><string>nacionalidade</string></text></a></t></children></atr><atr id="33" nullable="false" attributeType="VARCHAR2(128)"><children><e id="34" x="581" y="664" w="80" h="20"><a><fillColor><color rgba="#ffffebeb"/></fillColor></a></e><t id="35" x="604.8251953125" y="667.015625"><a><text><string>estilo</string></text></a></t></children></atr><ent id="36"><children><r id="37" x="287" y="52" w="80" h="40"><a><fillColor><color rgba="#ffebffe8"/></fillColor></a></r><t id="38" x="305.9384765625" y="65.015625"><a><text><string>Cliente</string></text></a></t></children></ent><atr id="39" nullable="false" attributeType="VARCHAR2(128)"><children><e id="3a" x="570" y="415" w="121.642578125" h="20"><a><fillColor><color rgba="#ffffebeb"/></fillColor></a></e><t id="3b" x="580" y="418.015625"><a><text><string>numero_musicas</string></text></a></t></children></atr><lcaf id="3c"><points><p colinear="true" x="570" y="426.023743969492" c1x="34" c1y="-24" c2x="34" c2y="-24"/><p colinear="true" x="552" y="426.32671997896" c1x="34" c1y="-24" c2x="34" c2y="-24"/></points><startConnector><rConnector id="3d"><Owner><atr ref="39"/></Owner></rConnector></startConnector><endConnector><rConnector id="3e"><Owner><ent ref="1e"/></Owner></rConnector></endConnector></lcaf><llabelDoubleUm id="3f"><points><p colinear="true" x="510.9807692307692" y="575" c1x="-17" c1y="-21" c2x="-17" c2y="-21"/><p colinear="true" x="512.4230769230769" y="625" c1x="-17" c1y="-21" c2x="-17" c2y="-21"/></points><startConnector><rConnector id="40"><Owner><relfraco id="41"><children><diamond id="42" x="442" y="507" w="136" h="68"><a><fillColor><color rgba="#ffddddff"/></fillColor><strokeType><enum type="strokeType">DOUBLE</enum></strokeType><innerStrokeWidthFactor><double>3</double></innerStrokeWidthFactor></a></diamond><t id="43" x="466.39453125" y="534.015625"><a><text><string>Cont&#xe9;m_Audio</string></text></a></t></children></relfraco></Owner></rConnector></startConnector><endConnector><rConnector id="44"><Owner><entfraca id="45"><children><r id="46" x="473" y="625" w="80" h="40"><a><fillColor><color rgba="#ffebffe8"/></fillColor><strokeType><enum type="strokeType">DOUBLE</enum></strokeType><innerStrokeWidthFactor><double>3</double></innerStrokeWidthFactor></a></r><t id="47" x="493.25390625" y="638.015625"><a><text><string>Artista</string></text></a></t></children></entfraca></Owner></rConnector></endConnector><a><innerStrokeWidthFactor><double>3</double></innerStrokeWidthFactor></a></llabelDoubleUm><llabelDoubleMuitos id="48"><points><p colinear="true" x="510.5964912280702" y="507" c1x="-17" c1y="-21" c2x="-17" c2y="-21"/><p colinear="true" x="511.64912280701753" y="447" c1x="-17" c1y="-21" c2x="-17" c2y="-21"/></points><startConnector><rConnector id="49"><Owner><relfraco ref="41"/></Owner></rConnector></startConnector><endConnector><rConnector id="4a"><Owner><ent ref="1e"/></Owner></rConnector></endConnector><a><innerStrokeWidthFactor><double>3</double></innerStrokeWidthFactor><text><string>N</string></text></a></llabelDoubleMuitos><atr id="4b" nullable="false" attributeType="VARCHAR2(128)"><children><e id="4c" x="234" y="787" w="80" h="20"><a><fillColor><color rgba="#ffffebeb"/></fillColor></a></e><t id="4d" x="242.48828125" y="790.015625"><a><text><string>nome_real</string></text></a></t></children></atr><atr id="4e" nullable="false" attributeType="VARCHAR2(128)"><children><e id="4f" x="234" y="819" w="80" h="20"><a><fillColor><color rgba="#ffffebeb"/></fillColor></a></e><t id="50" x="243.5810546875" y="822.015625"><a><text><string>data_nasc</string></text></a></t></children></atr><llabelMuitos id="51"><points><p colinear="true" x="174.93193717277487" y="741" c1x="-11" c1y="110" c2x="-11" c2y="110"/><p colinear="true" x="175.68586387434556" y="789" c1x="-11" c1y="110" c2x="-11" c2y="110"/></points><startConnector><rConnector id="52"><Owner><relfraco id="53"><children><diamond id="54" x="110" y="686" w="129" h="55"><a><fillColor><color rgba="#ffddddff"/></fillColor><strokeType><enum type="strokeType">DOUBLE</enum></strokeType><innerStrokeWidthFactor><double>3</double></innerStrokeWidthFactor></a></diamond><t id="55" x="127.1767578125" y="706.515625"><a><text><string>Cont&#xe9;m_Estrela</string></text></a></t></children></relfraco></Owner></rConnector></startConnector><endConnector><rConnector id="56"><Owner><entfraca id="57"><children><r id="58" x="136" y="789" w="80" h="40"><a><fillColor><color rgba="#ffebffe8"/></fillColor><strokeType><enum type="strokeType">DOUBLE</enum></strokeType><innerStrokeWidthFactor><double>3</double></innerStrokeWidthFactor></a></r><t id="59" x="155.228515625" y="802.015625"><a><text><string>Estrela</string></text></a></t></children></entfraca></Owner></rConnector></endConnector><a><text><string>N</string></text></a></llabelMuitos><llabelDoubleUm id="5a"><points><p colinear="true" x="173.35323383084577" y="557" c1x="-11" c1y="110" c2x="-11" c2y="110"/><p colinear="true" x="173.09950248756218" y="608" c1x="-11" c1y="110" c2x="-11" c2y="110"/></points><startConnector><rConnector id="5b"><Owner><rel ref="1b"/></Owner></rConnector></startConnector><endConnector><rConnector id="5c"><Owner><ent ref="b"/></Owner></rConnector></endConnector><a><innerStrokeWidthFactor><double>3</double></innerStrokeWidthFactor></a></llabelDoubleUm><llabelMuitos id="5d"><points><p colinear="true" x="174.01754385964912" y="686" c1x="-11" c1y="110" c2x="-11" c2y="110"/><p colinear="true" x="173.35087719298247" y="648" c1x="-11" c1y="110" c2x="-11" c2y="110"/></points><startConnector><rConnector id="5e"><Owner><relfraco ref="53"/></Owner></rConnector></startConnector><endConnector><rConnector id="5f"><Owner><ent ref="b"/></Owner></rConnector></endConnector><a><text><string>M</string></text></a></llabelMuitos><entfraca ref="57"/><lcaf id="60"><points><p colinear="true" x="216" y="804.1020408163265" c1x="-11" c1y="35" c2x="-11" c2y="35"/><p colinear="true" x="234" y="801.8979591836735" c1x="-11" c1y="35" c2x="-11" c2y="35"/></points><startConnector><rConnector id="61"><Owner><entfraca ref="57"/></Owner></rConnector></startConnector><endConnector><rConnector id="62"><Owner><atr ref="4b"/></Owner></rConnector></endConnector></lcaf><lcaf id="63"><points><p colinear="true" x="216" y="817.1632653061224" c1x="-11" c1y="35" c2x="-11" c2y="35"/><p colinear="true" x="234" y="820.8367346938776" c1x="-11" c1y="35" c2x="-11" c2y="35"/></points><startConnector><rConnector id="64"><Owner><entfraca ref="57"/></Owner></rConnector></startConnector><endConnector><rConnector id="65"><Owner><atr ref="4e"/></Owner></rConnector></endConnector></lcaf><entfraca ref="45"/><lcaf id="66"><points><p colinear="true" x="594.051282051282" y="616" c1x="-22" c1y="126" c2x="-22" c2y="126"/><p colinear="true" x="553" y="630.6880733944954" c1x="-22" c1y="126" c2x="-22" c2y="126"/></points><startConnector><rConnector id="67"><Owner><atr ref="2d"/></Owner></rConnector></startConnector><endConnector><rConnector id="68"><Owner><entfraca ref="45"/></Owner></rConnector></endConnector></lcaf><lcaf id="69"><points><p colinear="true" x="570" y="642.9197191506803" c1x="-22" c1y="126" c2x="-22" c2y="126"/><p colinear="true" x="553" y="643.5401537899511" c1x="-22" c1y="126" c2x="-22" c2y="126"/></points><startConnector><rConnector id="6a"><Owner><atr ref="30"/></Owner></rConnector></startConnector><endConnector><rConnector id="6b"><Owner><entfraca ref="45"/></Owner></rConnector></endConnector></lcaf><lcaf id="6c"><points><p colinear="true" x="583.7586206896551" y="664" c1x="-22" c1y="126" c2x="-22" c2y="126"/><p colinear="true" x="553" y="655.7407407407408" c1x="-22" c1y="126" c2x="-22" c2y="126"/></points><startConnector><rConnector id="6d"><Owner><atr ref="33"/></Owner></rConnector></startConnector><endConnector><rConnector id="6e"><Owner><entfraca ref="45"/></Owner></rConnector></endConnector></lcaf><atrchave id="6f" nullable="false" attributeType="NUMBER"><children><e id="70" x="188" y="66" w="80" h="20"><a><fillColor><color rgba="#ffffebeb"/></fillColor></a></e><t id="71" x="194.8388671875" y="69.015625"><a><fontUnderlined><boolean>true</boolean></fontUnderlined><fontBold><boolean>true</boolean></fontBold><text><string>cliente_ID</string></text></a></t></children></atrchave><atr id="72" nullable="false" attributeType="VARCHAR2(128)"><children><e id="73" x="560" y="97" w="103" h="37"><a><fillColor><color rgba="#ffffebeb"/></fillColor></a></e><t id="74" x="577.990234375" y="108.515625"><a><text><string>Nome_com</string></text></a></t></children></atr><atr id="75" nullable="false" attributeType="VARCHAR2(128)"><children><e id="76" x="673" y="87" w="110.5859375" h="20"><a><fillColor><color rgba="#ffffebeb"/></fillColor></a></e><t id="77" x="683" y="90.015625"><a><text><string>primeiro_nome</string></text></a></t></children></atr><atr id="78" nullable="false" attributeType="VARCHAR2(128)"><children><e id="79" x="687" y="116" w="80" h="20"><a><fillColor><color rgba="#ffffebeb"/></fillColor></a></e><t id="7a" x="693.2265625" y="119.015625"><a><text><string>sobrenome</string></text></a></t></children></atr><atr id="7b" nullable="false" attributeType="VARCHAR2(128)"><children><e id="7c" x="686" y="49" w="80" h="20"><a><fillColor><color rgba="#ffffebeb"/></fillColor></a></e><t id="7d" x="701.3203125" y="52.015625"><a><text><string>telefone</string></text></a></t></children></atr><atr id="7e" nullable="false" attributeType="VARCHAR2(128)"><children><e id="7f" x="566" y="181" w="91" h="38"><a><fillColor><color rgba="#ffffebeb"/></fillColor></a></e><t id="80" x="583.3779296875" y="193.015625"><a><text><string>endereco</string></text></a></t></children></atr><atr id="81" nullable="false" attributeType="VARCHAR2(128)"><children><e id="82" x="685" y="152" w="80" h="20"><a><fillColor><color rgba="#ffffebeb"/></fillColor></a></e><t id="83" x="715.0537109375" y="155.015625"><a><text><string>rua</string></text></a></t></children></atr><atr id="84" nullable="false" attributeType="VARCHAR2(128)"><children><e id="85" x="688" y="190" w="80" h="20"><a><fillColor><color rgba="#ffffebeb"/></fillColor></a></e><t id="86" x="704.720703125" y="193.015625"><a><text><string>numero</string></text></a></t></children></atr><atr id="87" nullable="false" attributeType="VARCHAR2(128)"><children><e id="88" x="687" y="241" w="80" h="20"><a><fillColor><color rgba="#ffffebeb"/></fillColor></a></e><t id="89" x="707.048828125" y="244.015625"><a><text><string>cidade</string></text></a></t></children></atr><lcaf id="8a"><points><p colinear="true" x="268" y="74.38383838383838" c1x="-5" c1y="38" c2x="-5" c2y="38"/><p colinear="true" x="287" y="73.61616161616162" c1x="-5" c1y="38" c2x="-5" c2y="38"/></points><startConnector><rConnector id="8b"><Owner><atrchave ref="6f"/></Owner></rConnector></startConnector><endConnector><rConnector id="8c"><Owner><ent ref="36"/></Owner></rConnector></endConnector></lcaf><lcaf id="8d"><points><p colinear="true" x="367" y="78.11599297012302" c1x="-5" c1y="38" c2x="-5" c2y="38"/><p colinear="true" x="560" y="107.6256590509666" c1x="-5" c1y="38" c2x="-5" c2y="38"/></points><startConnector><rConnector id="8e"><Owner><ent ref="36"/></Owner></rConnector></startConnector><endConnector><rConnector id="8f"><Owner><atr ref="72"/></Owner></rConnector></endConnector></lcaf><lcaf id="90"><points><p colinear="true" x="663" y="107.34240275594502" c1x="-5" c1y="38" c2x="-5" c2y="38"/><p colinear="true" x="673" y="105.75840329107997" c1x="-5" c1y="38" c2x="-5" c2y="38"/></points><startConnector><rConnector id="91"><Owner><atr ref="72"/></Owner></rConnector></startConnector><endConnector><rConnector id="92"><Owner><atr ref="75"/></Owner></rConnector></endConnector></lcaf><lcaf id="93"><points><p colinear="true" x="663" y="120.18181818181819" c1x="-5" c1y="38" c2x="-5" c2y="38"/><p colinear="true" x="687" y="122.36363636363636" c1x="-5" c1y="38" c2x="-5" c2y="38"/></points><startConnector><rConnector id="94"><Owner><atr ref="72"/></Owner></rConnector></startConnector><endConnector><rConnector id="95"><Owner><atr ref="78"/></Owner></rConnector></endConnector></lcaf><lcaf id="96"><points><p colinear="true" x="367" y="70.6967418546366" c1x="-5" c1y="38" c2x="-5" c2y="38"/><p colinear="true" x="686" y="60.30325814536341" c1x="-5" c1y="38" c2x="-5" c2y="38"/></points><startConnector><rConnector id="97"><Owner><ent ref="36"/></Owner></rConnector></startConnector><endConnector><rConnector id="98"><Owner><atr ref="7b"/></Owner></rConnector></endConnector></lcaf><lcaf id="99"><points><p colinear="true" x="367" y="89.99648506151142" c1x="-5" c1y="38" c2x="-5" c2y="38"/><p colinear="true" x="569.26953125" y="181" c1x="-5" c1y="38" c2x="-5" c2y="38"/></points><startConnector><rConnector id="9a"><Owner><ent ref="36"/></Owner></rConnector></startConnector><endConnector><rConnector id="9b"><Owner><atr ref="7e"/></Owner></rConnector></endConnector></lcaf><lcaf id="9c"><points><p colinear="true" x="657" y="184.76651982378854" c1x="-5" c1y="38" c2x="-5" c2y="38"/><p colinear="true" x="695.1315789473684" y="172" c1x="-5" c1y="38" c2x="-5" c2y="38"/></points><startConnector><rConnector id="9d"><Owner><atr ref="7e"/></Owner></rConnector></startConnector><endConnector><rConnector id="9e"><Owner><atr ref="81"/></Owner></rConnector></endConnector></lcaf><lcaf id="9f"><points><p colinear="true" x="657" y="200" c1x="-5" c1y="38" c2x="-5" c2y="38"/><p colinear="true" x="688" y="200" c1x="-5" c1y="38" c2x="-5" c2y="38"/></points><startConnector><rConnector id="a0"><Owner><atr ref="7e"/></Owner></rConnector></startConnector><endConnector><rConnector id="a1"><Owner><atr ref="84"/></Owner></rConnector></endConnector></lcaf><lcaf id="a2"><points><p colinear="true" x="654.5294117647059" y="219" c1x="-5" c1y="38" c2x="-5" c2y="38"/><p colinear="true" x="704.3529411764706" y="241" c1x="-5" c1y="38" c2x="-5" c2y="38"/></points><startConnector><rConnector id="a3"><Owner><atr ref="7e"/></Owner></rConnector></startConnector><endConnector><rConnector id="a4"><Owner><atr ref="87"/></Owner></rConnector></endConnector></lcaf><ent ref="27"/><disjuncao id="a5"><children><circ id="a6" x="317" y="383" w="20" h="20"><a><fillColor><color rgba="#fff5f2e0"/></fillColor></a></circ><tn id="a7" x="321" y="384"><a><fontBold><boolean>true</boolean></fontBold><fontSize><double>16</double></fontSize><text><string>d</string></text></a></tn></children></disjuncao><llabelDoubleGeneralizacao id="a8" labelGeneralizacaoText="tipo"><points><p colinear="true" x="326.2" y="313" c1x="-5" c1y="38" c2x="-5" c2y="38"/><p colinear="true" x="326.9" y="383" c1x="-5" c1y="38" c2x="-5" c2y="38"/></points><startConnector><rConnector id="a9"><Owner><ent ref="27"/></Owner></rConnector></startConnector><endConnector><rConnector id="aa"><Owner><disjuncao ref="a5"/></Owner></rConnector></endConnector><a><innerStrokeWidthFactor><double>3</double></innerStrokeWidthFactor></a><a><innerStrokeWidthFactor><double>3</double></innerStrokeWidthFactor></a></llabelDoubleGeneralizacao><generalizacaoLine id="ab"><points><p colinear="true" x="317" y="395.0261437908497" c1x="-5" c1y="38" c2x="-5" c2y="38"/><p colinear="true" x="214" y="415.8954248366013" c1x="-5" c1y="38" c2x="-5" c2y="38"/></points><startConnector><rConnector id="ac"><Owner><disjuncao ref="a5"/></Owner></rConnector></startConnector><endConnector><rConnector id="ad"><Owner><ent ref="18"/></Owner></rConnector></endConnector></generalizacaoLine><generalizacaoLine id="ae"><points><p colinear="true" x="337" y="394.8378378378378" c1x="-5" c1y="38" c2x="-5" c2y="38"/><p colinear="true" x="472" y="419.64864864864865" c1x="-5" c1y="38" c2x="-5" c2y="38"/></points><startConnector><rConnector id="af"><Owner><disjuncao ref="a5"/></Owner></rConnector></startConnector><endConnector><rConnector id="b0"><Owner><ent ref="1e"/></Owner></rConnector></endConnector></generalizacaoLine><rel ref="6"/><llabelDoubleUm id="b1"><points><p colinear="true" x="326.26066350710903" y="150" c1x="-5" c1y="38" c2x="-5" c2y="38"/><p colinear="true" x="326.81042654028437" y="92" c1x="-5" c1y="38" c2x="-5" c2y="38"/></points><startConnector><rConnector id="b2"><Owner><rel ref="6"/></Owner></rConnector></startConnector><endConnector><rConnector id="b3"><Owner><ent ref="36"/></Owner></rConnector></endConnector><a><innerStrokeWidthFactor><double>3</double></innerStrokeWidthFactor></a></llabelDoubleUm><atr id="b4" nullable="false" attributeType="VARCHAR2(128)"><children><e id="b5" x="389" y="167" w="113" h="27"><a><fillColor><color rgba="#ffffebeb"/></fillColor></a></e><t id="b6" x="398.1474609375" y="173.515625"><a><text><string>data_devolucao</string></text></a></t></children></atr><lcaf id="b7"><points><p colinear="true" x="373" y="178.67991631799163" c1x="-5" c1y="38" c2x="-5" c2y="38"/><p colinear="true" x="389" y="179.081589958159" c1x="-5" c1y="38" c2x="-5" c2y="38"/></points><startConnector><rConnector id="b8"><Owner><rel ref="6"/></Owner></rConnector></startConnector><endConnector><rConnector id="b9"><Owner><atr ref="b4"/></Owner></rConnector></endConnector></lcaf><llabelDoubleMuitos id="ba"><points><p colinear="true" x="326" y="205" c1x="-5" c1y="38" c2x="-5" c2y="38"/><p colinear="true" x="326" y="273" c1x="-5" c1y="38" c2x="-5" c2y="38"/></points><startConnector><rConnector id="bb"><Owner><rel ref="6"/></Owner></rConnector></startConnector><endConnector><rConnector id="bc"><Owner><ent ref="27"/></Owner></rConnector></endConnector><a><innerStrokeWidthFactor><double>3</double></innerStrokeWidthFactor><text><string>N</string></text></a></llabelDoubleMuitos><relfraco ref="53"/><relfraco ref="41"/></figures></drawing>