<drawing><figures><ent id="0"><children><r id="1" x="465" y="258" w="80" h="40"><a><fillColor><color rgba="#ffebffe8"/></fillColor></a></r><t id="2" x="472.4716796875" y="271.015625"><a><text><string>ObjetoArte</string></text></a></t></children></ent><ent id="3"><children><r id="4" x="295" y="439" w="80" h="40"><a><fillColor><color rgba="#ffebffe8"/></fillColor></a></r><t id="5" x="313.61328125" y="452.015625"><a><text><string>Pintura</string></text></a></t></children></ent><ent id="6"><children><r id="7" x="490" y="438" w="80" h="40"><a><fillColor><color rgba="#ffebffe8"/></fillColor></a></r><t id="8" x="502.015625" y="451.015625"><a><text><string>Escultura</string></text></a></t></children></ent><ent id="9"><children><r id="a" x="702" y="443" w="80" h="40"><a><fillColor><color rgba="#ffebffe8"/></fillColor></a></r><t id="b" x="711.4111328125" y="456.015625"><a><text><string>Estatuaria</string></text></a></t></children></ent><ent id="c"><children><r id="d" x="701" y="369" w="80" h="40"><a><fillColor><color rgba="#ffebffe8"/></fillColor></a></r><t id="e" x="720.8583984375" y="382.015625"><a><text><string>Outros</string></text></a></t></children></ent><ent id="f"><children><r id="10" x="108" y="177" w="141.0078125" h="40"><a><fillColor><color rgba="#ffebffe8"/></fillColor></a></r><t id="11" x="118" y="190.015625"><a><text><string>ColecaoPermanente</string></text></a></t></children></ent><ent id="12"><children><r id="13" x="153.814453125" y="317" w="80" h="40"><a><fillColor><color rgba="#ffebffe8"/></fillColor></a></r><t id="14" x="157.5771484375" y="330.015625"><a><text><string>Emprestado</string></text></a></t></children></ent><atrchave id="15" nullable="false" attributeType="NUMBER"><children><e id="16" x="356" y="234" w="80" h="20"><a><fillColor><color rgba="#ffffebeb"/></fillColor></a></e><t id="17" x="373.9921875" y="237.015625"><a><fontUnderlined><boolean>true</boolean></fontUnderlined><fontBold><boolean>true</boolean></fontBold><text><string>numID</string></text></a></t></children></atrchave><atr id="18" nullable="false" attributeType="VARCHAR2(128)"><children><e id="19" x="570" y="331" w="80" h="20"><a><fillColor><color rgba="#ffffebeb"/></fillColor></a></e><t id="1a" x="598.849609375" y="334.015625"><a><text><string>ano</string></text></a></t></children></atr><atr id="1b" nullable="false" attributeType="VARCHAR2(128)"><children><e id="1c" x="572" y="248" w="80" h="20"><a><fillColor><color rgba="#ffffebeb"/></fillColor></a></e><t id="1d" x="596.4873046875" y="251.015625"><a><text><string>titulo</string></text></a></t></children></atr><atr id="1e" nullable="false" attributeType="VARCHAR2(128)"><children><e id="1f" x="569" y="296" w="80" h="20"><a><fillColor><color rgba="#ffffebeb"/></fillColor></a></e><t id="20" x="595.0751953125" y="299.015625"><a><text><string>desc</string></text></a></t></children></atr><lcaf id="21"><points><p colinear="true" x="465" y="265.5229357798165" c1x="180" c1y="153" c2x="180" c2y="153"/><p colinear="true" x="428.05882352941177" y="254" c1x="180" c1y="153" c2x="180" c2y="153"/></points><startConnector><rConnector id="22"><Owner><ent ref="0"/></Owner></rConnector></startConnector><endConnector><rConnector id="23"><Owner><atrchave ref="15"/></Owner></rConnector></endConnector></lcaf><lcaf id="24"><points><p colinear="true" x="538.3333333333334" y="298" c1x="180" c1y="153" c2x="180" c2y="153"/><p colinear="true" x="593.3333333333334" y="331" c1x="180" c1y="153" c2x="180" c2y="153"/></points><startConnector><rConnector id="25"><Owner><ent ref="0"/></Owner></rConnector></startConnector><endConnector><rConnector id="26"><Owner><atr ref="18"/></Owner></rConnector></endConnector></lcaf><lcaf id="27"><points><p colinear="true" x="545" y="270.5233644859813" c1x="180" c1y="153" c2x="180" c2y="153"/><p colinear="true" x="572" y="265.4766355140187" c1x="180" c1y="153" c2x="180" c2y="153"/></points><startConnector><rConnector id="28"><Owner><ent ref="0"/></Owner></rConnector></startConnector><endConnector><rConnector id="29"><Owner><atr ref="1b"/></Owner></rConnector></endConnector></lcaf><lcaf id="2a"><points><p colinear="true" x="545" y="288.7692307692308" c1x="180" c1y="153" c2x="180" c2y="153"/><p colinear="true" x="571.8571428571429" y="296" c1x="180" c1y="153" c2x="180" c2y="153"/></points><startConnector><rConnector id="2b"><Owner><ent ref="0"/></Owner></rConnector></startConnector><endConnector><rConnector id="2c"><Owner><atr ref="1e"/></Owner></rConnector></endConnector></lcaf><disjuncao id="2d"><children><circ id="2e" x="495" y="363" w="20" h="20"><a><fillColor><color rgba="#fff5f2e0"/></fillColor></a></circ><tn id="2f" x="499" y="364"><a><fontBold><boolean>true</boolean></fontBold><fontSize><double>16</double></fontSize><text><string>d</string></text></a></tn></children></disjuncao><generalizacaoLine id="30"><points><p colinear="true" x="495" y="378.05882352941177" c1x="141" c1y="192" c2x="141" c2y="192"/><p colinear="true" x="374.5348837209302" y="439" c1x="141" c1y="192" c2x="141" c2y="192"/></points><startConnector><rConnector id="31"><Owner><disjuncao ref="2d"/></Owner></rConnector></startConnector><endConnector><rConnector id="32"><Owner><ent ref="3"/></Owner></rConnector></endConnector></generalizacaoLine><generalizacaoLine id="33"><points><p colinear="true" x="507.94117647058823" y="383" c1x="141" c1y="192" c2x="141" c2y="192"/><p colinear="true" x="524.1176470588235" y="438" c1x="141" c1y="192" c2x="141" c2y="192"/></points><startConnector><rConnector id="34"><Owner><disjuncao ref="2d"/></Owner></rConnector></startConnector><endConnector><rConnector id="35"><Owner><ent ref="6"/></Owner></rConnector></endConnector></generalizacaoLine><generalizacaoLine id="36"><points><p colinear="true" x="515" y="376.7974683544304" c1x="141" c1y="192" c2x="141" c2y="192"/><p colinear="true" x="702" y="447.8101265822785" c1x="141" c1y="192" c2x="141" c2y="192"/></points><startConnector><rConnector id="37"><Owner><disjuncao ref="2d"/></Owner></rConnector></startConnector><endConnector><rConnector id="38"><Owner><ent ref="9"/></Owner></rConnector></endConnector></generalizacaoLine><generalizacaoLine id="39"><points><p colinear="true" x="515" y="373.6779661016949" c1x="141" c1y="192" c2x="141" c2y="192"/><p colinear="true" x="701" y="386.2881355932203" c1x="141" c1y="192" c2x="141" c2y="192"/></points><startConnector><rConnector id="3a"><Owner><disjuncao ref="2d"/></Owner></rConnector></startConnector><endConnector><rConnector id="3b"><Owner><ent ref="c"/></Owner></rConnector></endConnector></generalizacaoLine><llabelDoubleGeneralizacao id="3c" labelGeneralizacaoText="classe"><points><p colinear="true" x="505" y="298" c1x="180" c1y="153" c2x="180" c2y="153"/><p colinear="true" x="505" y="363" c1x="180" c1y="153" c2x="180" c2y="153"/></points><startConnector><rConnector id="3d"><Owner><ent ref="0"/></Owner></rConnector></startConnector><endConnector><rConnector id="3e"><Owner><disjuncao ref="2d"/></Owner></rConnector></endConnector><a><innerStrokeWidthFactor><double>3</double></innerStrokeWidthFactor></a><a><innerStrokeWidthFactor><double>3</double></innerStrokeWidthFactor></a></llabelDoubleGeneralizacao><atr id="3f" nullable="false" attributeType="VARCHAR2(128)"><children><e id="40" x="381" y="512" w="80" h="20"><a><fillColor><color rgba="#ffffebeb"/></fillColor></a></e><t id="41" x="394.3369140625" y="515.015625"><a><text><string>tipoTinta</string></text></a></t></children></atr><atr id="42" nullable="false" attributeType="VARCHAR2(128)"><children><e id="43" x="384" y="450" w="80" h="20"><a><fillColor><color rgba="#ffffebeb"/></fillColor></a></e><t id="44" x="401.0810546875" y="453.015625"><a><text><string>suporte</string></text></a></t></children></atr><atr id="45" nullable="false" attributeType="VARCHAR2(128)"><children><e id="46" x="385" y="478" w="80" h="20"><a><fillColor><color rgba="#ffffebeb"/></fillColor></a></e><t id="47" x="408.8251953125" y="481.015625"><a><text><string>estilo</string></text></a></t></children></atr><lcaf id="48"><points><p colinear="true" x="407.3492063492063" y="512" c1x="189" c1y="180" c2x="189" c2y="180"/><p colinear="true" x="362.3015873015873" y="479" c1x="189" c1y="180" c2x="189" c2y="180"/></points><startConnector><rConnector id="49"><Owner><atr ref="3f"/></Owner></rConnector></startConnector><endConnector><rConnector id="4a"><Owner><ent ref="3"/></Owner></rConnector></endConnector></lcaf><lcaf id="4b"><points><p colinear="true" x="384" y="459.55056179775283" c1x="189" c1y="180" c2x="189" c2y="180"/><p colinear="true" x="375" y="459.44943820224717" c1x="189" c1y="180" c2x="189" c2y="180"/></points><startConnector><rConnector id="4c"><Owner><atr ref="42"/></Owner></rConnector></startConnector><endConnector><rConnector id="4d"><Owner><ent ref="3"/></Owner></rConnector></endConnector></lcaf><lcaf id="4e"><points><p colinear="true" x="393.9655172413793" y="478" c1x="189" c1y="180" c2x="189" c2y="180"/><p colinear="true" x="375" y="471.8888888888889" c1x="189" c1y="180" c2x="189" c2y="180"/></points><startConnector><rConnector id="4f"><Owner><atr ref="45"/></Owner></rConnector></startConnector><endConnector><rConnector id="50"><Owner><ent ref="3"/></Owner></rConnector></endConnector></lcaf><atr id="51" nullable="false" attributeType="VARCHAR2(128)"><children><e id="52" x="582" y="440" w="80" h="20"><a><fillColor><color rgba="#ffffebeb"/></fillColor></a></e><t id="53" x="596.95703125" y="443.015625"><a><text><string>material</string></text></a></t></children></atr><atr id="54" nullable="false" attributeType="VARCHAR2(128)"><children><e id="55" x="808" y="446" w="80" h="20"><a><fillColor><color rgba="#ffffebeb"/></fillColor></a></e><t id="56" x="822.95703125" y="449.015625"><a><text><string>material</string></text></a></t></children></atr><atr id="57" nullable="false" attributeType="VARCHAR2(128)"><children><e id="58" x="582" y="466" w="80" h="20"><a><fillColor><color rgba="#ffffebeb"/></fillColor></a></e><t id="59" x="604.357421875" y="469.015625"><a><text><string>altura</string></text></a></t></children></atr><atr id="5a" nullable="false" attributeType="VARCHAR2(128)"><children><e id="5b" x="580" y="494" w="80" h="20"><a><fillColor><color rgba="#ffffebeb"/></fillColor></a></e><t id="5c" x="605.703125" y="497.015625"><a><text><string>peso</string></text></a></t></children></atr><atr id="5d" nullable="false" attributeType="VARCHAR2(128)"><children><e id="5e" x="577" y="522" w="80" h="20"><a><fillColor><color rgba="#ffffebeb"/></fillColor></a></e><t id="5f" x="600.8251953125" y="525.015625"><a><text><string>estilo</string></text></a></t></children></atr><atr id="60" nullable="false" attributeType="VARCHAR2(128)"><children><e id="61" x="810" y="480" w="80" h="20"><a><fillColor><color rgba="#ffffebeb"/></fillColor></a></e><t id="62" x="832.357421875" y="483.015625"><a><text><string>altura</string></text></a></t></children></atr><atr id="63" nullable="false" attributeType="VARCHAR2(128)"><children><e id="64" x="816" y="510" w="80" h="20"><a><fillColor><color rgba="#ffffebeb"/></fillColor></a></e><t id="65" x="841.703125" y="513.015625"><a><text><string>peso</string></text></a></t></children></atr><atr id="66" nullable="false" attributeType="VARCHAR2(128)"><children><e id="67" x="814" y="544" w="80" h="20"><a><fillColor><color rgba="#ffffebeb"/></fillColor></a></e><t id="68" x="837.8251953125" y="547.015625"><a><text><string>estilo</string></text></a></t></children></atr><lcaf id="69"><points><p colinear="true" x="570" y="454.52173913043475" c1x="280" c1y="186" c2x="280" c2y="186"/><p colinear="true" x="582" y="453.4782608695652" c1x="280" c1y="186" c2x="280" c2y="186"/></points><startConnector><rConnector id="6a"><Owner><ent ref="6"/></Owner></rConnector></startConnector><endConnector><rConnector id="6b"><Owner><atr ref="51"/></Owner></rConnector></endConnector></lcaf><lcaf id="6c"><points><p colinear="true" x="570" y="465.82608695652175" c1x="280" c1y="186" c2x="280" c2y="186"/><p colinear="true" x="582" y="468.17391304347825" c1x="280" c1y="186" c2x="280" c2y="186"/></points><startConnector><rConnector id="6d"><Owner><ent ref="6"/></Owner></rConnector></startConnector><endConnector><rConnector id="6e"><Owner><atr ref="57"/></Owner></rConnector></endConnector></lcaf><lcaf id="6f"><points><p colinear="true" x="569.1304347826087" y="478" c1x="280" c1y="186" c2x="280" c2y="186"/><p colinear="true" x="600.4347826086956" y="494" c1x="280" c1y="186" c2x="280" c2y="186"/></points><startConnector><rConnector id="70"><Owner><ent ref="6"/></Owner></rConnector></startConnector><endConnector><rConnector id="71"><Owner><atr ref="5a"/></Owner></rConnector></endConnector></lcaf><lcaf id="72"><points><p colinear="true" x="605.2432432432432" y="522" c1x="280" c1y="186" c2x="280" c2y="186"/><p colinear="true" x="553.5135135135135" y="478" c1x="280" c1y="186" c2x="280" c2y="186"/></points><startConnector><rConnector id="73"><Owner><atr ref="5d"/></Owner></rConnector></startConnector><endConnector><rConnector id="74"><Owner><ent ref="6"/></Owner></rConnector></endConnector></lcaf><lcaf id="75"><points><p colinear="true" x="782" y="460.35849056603774" c1x="280" c1y="186" c2x="280" c2y="186"/><p colinear="true" x="808" y="458.64150943396226" c1x="280" c1y="186" c2x="280" c2y="186"/></points><startConnector><rConnector id="76"><Owner><ent ref="9"/></Owner></rConnector></startConnector><endConnector><rConnector id="77"><Owner><atr ref="54"/></Owner></rConnector></endConnector></lcaf><lcaf id="78"><points><p colinear="true" x="782" y="473" c1x="280" c1y="186" c2x="280" c2y="186"/><p colinear="true" x="810" y="480" c1x="280" c1y="186" c2x="280" c2y="186"/></points><startConnector><rConnector id="79"><Owner><ent ref="9"/></Owner></rConnector></startConnector><endConnector><rConnector id="7a"><Owner><atr ref="60"/></Owner></rConnector></endConnector></lcaf><lcaf id="7b"><points><p colinear="true" x="782" y="483" c1x="280" c1y="186" c2x="280" c2y="186"/><p colinear="true" x="836" y="510" c1x="280" c1y="186" c2x="280" c2y="186"/></points><startConnector><rConnector id="7c"><Owner><ent ref="9"/></Owner></rConnector></startConnector><endConnector><rConnector id="7d"><Owner><atr ref="63"/></Owner></rConnector></endConnector></lcaf><lcaf id="7e"><points><p colinear="true" x="766.6153846153846" y="483" c1x="280" c1y="186" c2x="280" c2y="186"/><p colinear="true" x="841.6923076923077" y="544" c1x="280" c1y="186" c2x="280" c2y="186"/></points><startConnector><rConnector id="7f"><Owner><ent ref="9"/></Owner></rConnector></startConnector><endConnector><rConnector id="80"><Owner><atr ref="66"/></Owner></rConnector></endConnector></lcaf><atr id="81" nullable="false" attributeType="VARCHAR2(128)"><children><e id="82" x="801" y="376" w="80" h="20"><a><fillColor><color rgba="#ffffebeb"/></fillColor></a></e><t id="83" x="829.5009765625" y="379.015625"><a><text><string>tipo</string></text></a></t></children></atr><atr id="84" nullable="false" attributeType="VARCHAR2(128)"><children><e id="85" x="802" y="404" w="80" h="20"><a><fillColor><color rgba="#ffffebeb"/></fillColor></a></e><t id="86" x="825.8251953125" y="407.015625"><a><text><string>estilo</string></text></a></t></children></atr><lcaf id="87"><points><p colinear="true" x="781" y="387.8" c1x="60" c1y="117" c2x="60" c2y="117"/><p colinear="true" x="801" y="387.2" c1x="60" c1y="117" c2x="60" c2y="117"/></points><startConnector><rConnector id="88"><Owner><ent ref="c"/></Owner></rConnector></startConnector><endConnector><rConnector id="89"><Owner><atr ref="81"/></Owner></rConnector></endConnector></lcaf><lcaf id="8a"><points><p colinear="true" x="781" y="398.9009900990099" c1x="60" c1y="117" c2x="60" c2y="117"/><p colinear="true" x="802" y="404.0990099009901" c1x="60" c1y="117" c2x="60" c2y="117"/></points><startConnector><rConnector id="8b"><Owner><ent ref="c"/></Owner></rConnector></startConnector><endConnector><rConnector id="8c"><Owner><atr ref="84"/></Owner></rConnector></endConnector></lcaf><entfraca id="8d"><children><r id="8e" x="841" y="263" w="80" h="40"><a><fillColor><color rgba="#ffebffe8"/></fillColor><strokeType><enum type="strokeType">DOUBLE</enum></strokeType><innerStrokeWidthFactor><double>3</double></innerStrokeWidthFactor></a></r><t id="8f" x="861.25390625" y="276.015625"><a><text><string>Artista</string></text></a></t></children></entfraca><relfraco id="90"><children><diamond id="91" x="690" y="256" w="97" h="50"><a><fillColor><color rgba="#ffddddff"/></fillColor><strokeType><enum type="strokeType">DOUBLE</enum></strokeType><innerStrokeWidthFactor><double>3</double></innerStrokeWidthFactor></a></diamond><t id="92" x="716.7587890625" y="274.015625"><a><text><string>Autoria</string></text></a></t></children></relfraco><llabelDoubleUm id="93"><points><p colinear="true" x="787" y="281.68070175438595" c1x="141" c1y="192" c2x="141" c2y="192"/><p colinear="true" x="841" y="282.43859649122805" c1x="141" c1y="192" c2x="141" c2y="192"/></points><startConnector><rConnector id="94"><Owner><relfraco ref="90"/></Owner></rConnector></startConnector><endConnector><rConnector id="95"><Owner><entfraca ref="8d"/></Owner></rConnector></endConnector><a><innerStrokeWidthFactor><double>3</double></innerStrokeWidthFactor></a></llabelDoubleUm><llabelDoubleMuitos id="96"><points><p colinear="true" x="690" y="280.37687366167023" c1x="141" c1y="192" c2x="141" c2y="192"/><p colinear="true" x="545" y="278.51391862955035" c1x="141" c1y="192" c2x="141" c2y="192"/></points><startConnector><rConnector id="97"><Owner><relfraco ref="90"/></Owner></rConnector></startConnector><endConnector><rConnector id="98"><Owner><ent ref="0"/></Owner></rConnector></endConnector><a><innerStrokeWidthFactor><double>3</double></innerStrokeWidthFactor><text><string>N</string></text></a></llabelDoubleMuitos><atr id="99" nullable="false" attributeType="VARCHAR2(128)"><children><e id="9a" x="937" y="212" w="80" h="20"><a><fillColor><color rgba="#ffffebeb"/></fillColor></a></e><t id="9b" x="959.990234375" y="215.015625"><a><text><string>nome</string></text></a></t></children></atr><atr id="9c" nullable="false" attributeType="VARCHAR2(128)"><children><e id="9d" x="937" y="241" w="80" h="20"><a><fillColor><color rgba="#ffffebeb"/></fillColor></a></e><t id="9e" x="964.7216796875" y="244.015625"><a><text><string>pais</string></text></a></t></children></atr><atr id="9f" nullable="false" attributeType="VARCHAR2(128)"><children><e id="a0" x="935" y="270" w="80" h="20"><a><fillColor><color rgba="#ffffebeb"/></fillColor></a></e><t id="a1" x="952.2158203125" y="273.015625"><a><text><string>periodo</string></text></a></t></children></atr><lcaf id="a2"><points><p colinear="true" x="912.4754098360656" y="263" c1x="73" c1y="192" c2x="73" c2y="192"/><p colinear="true" x="961.2622950819672" y="232" c1x="73" c1y="192" c2x="73" c2y="192"/></points><startConnector><rConnector id="a3"><Owner><entfraca ref="8d"/></Owner></rConnector></startConnector><endConnector><rConnector id="a4"><Owner><atr ref="99"/></Owner></rConnector></endConnector></lcaf><lcaf id="a5"><points><p colinear="true" x="921" y="269.6666666666667" c1x="73" c1y="192" c2x="73" c2y="192"/><p colinear="true" x="947" y="261" c1x="73" c1y="192" c2x="73" c2y="192"/></points><startConnector><rConnector id="a6"><Owner><entfraca ref="8d"/></Owner></rConnector></startConnector><endConnector><rConnector id="a7"><Owner><atr ref="9c"/></Owner></rConnector></endConnector></lcaf><lcaf id="a8"><points><p colinear="true" x="935" y="281.27659574468083" c1x="73" c1y="192" c2x="73" c2y="192"/><p colinear="true" x="921" y="281.72340425531917" c1x="73" c1y="192" c2x="73" c2y="192"/></points><startConnector><rConnector id="a9"><Owner><atr ref="9f"/></Owner></rConnector></startConnector><endConnector><rConnector id="aa"><Owner><entfraca ref="8d"/></Owner></rConnector></endConnector></lcaf><atr id="ab" nullable="false" attributeType="VARCHAR2(128)"><children><e id="ac" x="935" y="297" w="80" h="20"><a><fillColor><color rgba="#ffffebeb"/></fillColor></a></e><t id="ad" x="946.8955078125" y="300.015625"><a><text><string>dataNasc</string></text></a></t></children></atr><atr id="ae" nullable="false" attributeType="VARCHAR2(128)"><children><e id="af" x="936" y="324" w="80" h="20"><a><fillColor><color rgba="#ffffebeb"/></fillColor></a></e><t id="b0" x="945.126953125" y="327.015625"><a><text><string>dataMorte</string></text></a></t></children></atr><atr id="b1" nullable="false" attributeType="VARCHAR2(128)"><children><e id="b2" x="937" y="354" w="80" h="20"><a><fillColor><color rgba="#ffffebeb"/></fillColor></a></e><t id="b3" x="960.8251953125" y="357.015625"><a><text><string>estilo</string></text></a></t></children></atr><atr id="b4" nullable="false" attributeType="VARCHAR2(128)"><children><e id="b5" x="933" y="382" w="80" h="20"><a><fillColor><color rgba="#ffffebeb"/></fillColor></a></e><t id="b6" x="959.0751953125" y="385.015625"><a><text><string>desc</string></text></a></t></children></atr><lcaf id="b7"><points><p colinear="true" x="921" y="293.2127659574468" c1x="73" c1y="192" c2x="73" c2y="192"/><p colinear="true" x="935.8333333333334" y="297" c1x="73" c1y="192" c2x="73" c2y="192"/></points><startConnector><rConnector id="b8"><Owner><entfraca ref="8d"/></Owner></rConnector></startConnector><endConnector><rConnector id="b9"><Owner><atr ref="ab"/></Owner></rConnector></endConnector></lcaf><lcaf id="ba"><points><p colinear="true" x="918.2549019607843" y="303" c1x="73" c1y="192" c2x="73" c2y="192"/><p colinear="true" x="957.3725490196078" y="324" c1x="73" c1y="192" c2x="73" c2y="192"/></points><startConnector><rConnector id="bb"><Owner><entfraca ref="8d"/></Owner></rConnector></startConnector><endConnector><rConnector id="bc"><Owner><atr ref="ae"/></Owner></rConnector></endConnector></lcaf><lcaf id="bd"><points><p colinear="true" x="904.7037037037037" y="303" c1x="73" c1y="192" c2x="73" c2y="192"/><p colinear="true" x="965.1481481481482" y="354" c1x="73" c1y="192" c2x="73" c2y="192"/></points><startConnector><rConnector id="be"><Owner><entfraca ref="8d"/></Owner></rConnector></startConnector><endConnector><rConnector id="bf"><Owner><atr ref="b1"/></Owner></rConnector></endConnector></lcaf><lcaf id="c0"><points><p colinear="true" x="897.8807339449542" y="303" c1x="73" c1y="192" c2x="73" c2y="192"/><p colinear="true" x="964.559633027523" y="382" c1x="73" c1y="192" c2x="73" c2y="192"/></points><startConnector><rConnector id="c1"><Owner><entfraca ref="8d"/></Owner></rConnector></startConnector><endConnector><rConnector id="c2"><Owner><atr ref="b4"/></Owner></rConnector></endConnector></lcaf><atr id="c3" nullable="false" attributeType="VARCHAR2(128)"><children><e id="c4" x="564" y="51" w="80" h="20"><a><fillColor><color rgba="#ffffebeb"/></fillColor></a></e><t id="c5" x="574.609375" y="54.015625"><a><text><string>dataInicio</string></text></a></t></children></atr><atr id="c6" nullable="false" attributeType="VARCHAR2(128)"><children><e id="c7" x="561" y="82" w="80" h="20"><a><fillColor><color rgba="#ffffebeb"/></fillColor></a></e><t id="c8" x="573.220703125" y="85.015625"><a><text><string>dataFinal</string></text></a></t></children></atr><atr id="c9" nullable="false" attributeType="VARCHAR2(128)"><children><e id="ca" x="558" y="23" w="80" h="20"><a><fillColor><color rgba="#ffffebeb"/></fillColor></a></e><t id="cb" x="580.990234375" y="26.015625"><a><text><string>nome</string></text></a></t></children></atr><atrchave id="cc" nullable="false" attributeType="NUMBER"><children><e id="cd" x="331" y="55" w="107.849609375" h="20"><a><fillColor><color rgba="#ffffebeb"/></fillColor></a></e><t id="ce" x="341" y="58.015625"><a><fontUnderlined><boolean>true</boolean></fontUnderlined><fontBold><boolean>true</boolean></fontBold><text><string>exposicao_ID</string></text></a></t></children></atrchave><ent id="cf"><children><r id="d0" x="461" y="48" w="80" h="40"><a><fillColor><color rgba="#ffebffe8"/></fillColor></a></r><t id="d1" x="470.7392578125" y="61.015625"><a><text><string>Exposicao</string></text></a></t></children></ent><lcaf id="d2"><points><p colinear="true" x="541" y="53.56701030927835" c1x="111" c1y="-15" c2x="111" c2y="-15"/><p colinear="true" x="570.2857142857143" y="43" c1x="111" c1y="-15" c2x="111" c2y="-15"/></points><startConnector><rConnector id="d3"><Owner><ent ref="cf"/></Owner></rConnector></startConnector><endConnector><rConnector id="d4"><Owner><atr ref="c9"/></Owner></rConnector></endConnector></lcaf><lcaf id="d5"><points><p colinear="true" x="541" y="65.28155339805825" c1x="111" c1y="-15" c2x="111" c2y="-15"/><p colinear="true" x="564" y="63.71844660194175" c1x="111" c1y="-15" c2x="111" c2y="-15"/></points><startConnector><rConnector id="d6"><Owner><ent ref="cf"/></Owner></rConnector></startConnector><endConnector><rConnector id="d7"><Owner><atr ref="c3"/></Owner></rConnector></endConnector></lcaf><lcaf id="d8"><points><p colinear="true" x="541" y="77.6" c1x="111" c1y="-15" c2x="111" c2y="-15"/><p colinear="true" x="561" y="82.39999999999999" c1x="111" c1y="-15" c2x="111" c2y="-15"/></points><startConnector><rConnector id="d9"><Owner><ent ref="cf"/></Owner></rConnector></startConnector><endConnector><rConnector id="da"><Owner><atr ref="c6"/></Owner></rConnector></endConnector></lcaf><lcaf id="db"><points><p colinear="true" x="461" y="66.96618739536098" c1x="111" c1y="-15" c2x="111" c2y="-15"/><p colinear="true" x="438.849609375" y="66.39370356971588" c1x="111" c1y="-15" c2x="111" c2y="-15"/></points><startConnector><rConnector id="dc"><Owner><ent ref="cf"/></Owner></rConnector></startConnector><endConnector><rConnector id="dd"><Owner><atrchave ref="cc"/></Owner></rConnector></endConnector></lcaf><rel id="de"><children><diamond id="df" x="462" y="141" w="80" h="40"><a><fillColor><color rgba="#ffddddff"/></fillColor></a></diamond><t id="e0" x="483.5869140625" y="154.015625"><a><text><string>expoe</string></text></a></t></children></rel><llabelMuitos id="e1"><points><p colinear="true" x="501.7849462365591" y="141" c1x="124" c1y="0" c2x="124" c2y="0"/><p colinear="true" x="501.2150537634409" y="88" c1x="124" c1y="0" c2x="124" c2y="0"/></points><startConnector><rConnector id="e2"><Owner><rel ref="de"/></Owner></rConnector></startConnector><endConnector><rConnector id="e3"><Owner><ent ref="cf"/></Owner></rConnector></endConnector><a><text><string>N</string></text></a></llabelMuitos><llabelDoubleMuitos id="e4"><points><p colinear="true" x="502.5128205128205" y="181" c1x="124" c1y="0" c2x="124" c2y="0"/><p colinear="true" x="504.4871794871795" y="258" c1x="124" c1y="0" c2x="124" c2y="0"/></points><startConnector><rConnector id="e5"><Owner><rel ref="de"/></Owner></rConnector></startConnector><endConnector><rConnector id="e6"><Owner><ent ref="0"/></Owner></rConnector></endConnector><a><innerStrokeWidthFactor><double>3</double></innerStrokeWidthFactor><text><string>M</string></text></a></llabelDoubleMuitos><atr id="e7" nullable="false" attributeType="VARCHAR2(128)"><children><e id="e8" x="13" y="173" w="80" h="20"><a><fillColor><color rgba="#ffffebeb"/></fillColor></a></e><t id="e9" x="15.828125" y="176.015625"><a><text><string>dataCompra</string></text></a></t></children></atr><atr id="ea" nullable="false" attributeType="VARCHAR2(128)"><children><e id="eb" x="17" y="204" w="80" h="20"><a><fillColor><color rgba="#ffffebeb"/></fillColor></a></e><t id="ec" x="38.5634765625" y="207.015625"><a><text><string>status</string></text></a></t></children></atr><atr id="ed" nullable="false" attributeType="VARCHAR2(128)"><children><e id="ee" x="24" y="308" w="119.556640625" h="20"><a><fillColor><color rgba="#ffffebeb"/></fillColor></a></e><t id="ef" x="34" y="311.015625"><a><text><string>dataEmprestimo</string></text></a></t></children></atr><atr id="f0" nullable="false" attributeType="VARCHAR2(128)"><children><e id="f1" x="20" y="342" w="119.556640625" h="20"><a><fillColor><color rgba="#ffffebeb"/></fillColor></a></e><t id="f2" x="34.6142578125" y="345.015625"><a><text><string>dataDevolucao</string></text></a></t></children></atr><lcaf id="f3"><points><p colinear="true" x="108" y="189.13526720408353" c1x="-26" c1y="-409" c2x="-26" c2y="-409"/><p colinear="true" x="93" y="187.46201251206077" c1x="-26" c1y="-409" c2x="-26" c2y="-409"/></points><startConnector><rConnector id="f4"><Owner><ent ref="f"/></Owner></rConnector></startConnector><endConnector><rConnector id="f5"><Owner><atr ref="e7"/></Owner></rConnector></endConnector></lcaf><lcaf id="f6"><points><p colinear="true" x="108" y="206.8644269410063" c1x="-26" c1y="-409" c2x="-26" c2y="-409"/><p colinear="true" x="97" y="208.40347211059316" c1x="-26" c1y="-409" c2x="-26" c2y="-409"/></points><startConnector><rConnector id="f7"><Owner><ent ref="f"/></Owner></rConnector></startConnector><endConnector><rConnector id="f8"><Owner><atr ref="ea"/></Owner></rConnector></endConnector></lcaf><lcaf id="f9"><points><p colinear="true" x="153.814453125" y="330.09317784463553" c1x="-335.185546875" c1y="-369" c2x="-335.185546875" c2y="-369"/><p colinear="true" x="141.6920744243421" y="328" c1x="-335.185546875" c1y="-369" c2x="-335.185546875" c2y="-369"/></points><startConnector><rConnector id="fa"><Owner><ent ref="12"/></Owner></rConnector></startConnector><endConnector><rConnector id="fb"><Owner><atr ref="ed"/></Owner></rConnector></endConnector></lcaf><lcaf id="fc"><points><p colinear="true" x="153.814453125" y="342.26149024175106" c1x="-335.185546875" c1y="-369" c2x="-335.185546875" c2y="-369"/><p colinear="true" x="139.556640625" y="344.13692377518777" c1x="-335.185546875" c1y="-369" c2x="-335.185546875" c2y="-369"/></points><startConnector><rConnector id="fd"><Owner><ent ref="12"/></Owner></rConnector></startConnector><endConnector><rConnector id="fe"><Owner><atr ref="f0"/></Owner></rConnector></endConnector></lcaf><disjuncao id="ff"><children><circ id="100" x="288" y="272" w="20" h="20"><a><fillColor><color rgba="#fff5f2e0"/></fillColor></a></circ><tn id="101" x="292" y="273"><a><fontBold><boolean>true</boolean></fontBold><fontSize><double>16</double></fontSize><text><string>d</string></text></a></tn></children></disjuncao><generalizacaoLine id="102"><points><p colinear="true" x="288" y="274.88679677029194" c1x="0" c1y="0" c2x="0" c2y="0"/><p colinear="true" x="206.62063419117646" y="217" c1x="0" c1y="0" c2x="0" c2y="0"/></points><startConnector><rConnector id="103"><Owner><disjuncao ref="ff"/></Owner></rConnector></startConnector><endConnector><rConnector id="104"><Owner><ent ref="f"/></Owner></rConnector></endConnector></generalizacaoLine><generalizacaoLine id="105"><points><p colinear="true" x="288" y="287.27904317342484" c1x="0" c1y="0" c2x="0" c2y="0"/><p colinear="true" x="231.7001065340909" y="317" c1x="0" c1y="0" c2x="0" c2y="0"/></points><startConnector><rConnector id="106"><Owner><disjuncao ref="ff"/></Owner></rConnector></startConnector><endConnector><rConnector id="107"><Owner><ent ref="12"/></Owner></rConnector></endConnector></generalizacaoLine><llabelDoubleGeneralizacao id="108" labelGeneralizacaoText="pertence"><points><p colinear="true" x="465" y="278.7729468599034" c1x="0" c1y="0" c2x="0" c2y="0"/><p colinear="true" x="308" y="281.80676328502415" c1x="0" c1y="0" c2x="0" c2y="0"/></points><startConnector><rConnector id="109"><Owner><ent ref="0"/></Owner></rConnector></startConnector><endConnector><rConnector id="10a"><Owner><disjuncao ref="ff"/></Owner></rConnector></endConnector><a><innerStrokeWidthFactor><double>3</double></innerStrokeWidthFactor></a><a><innerStrokeWidthFactor><double>3</double></innerStrokeWidthFactor></a></llabelDoubleGeneralizacao><ent id="10b"><children><r id="10c" x="138" y="619" w="114.39453125" h="40"><a><fillColor><color rgba="#ffebffe8"/></fillColor></a></r><t id="10d" x="148" y="632.015625"><a><text><string>ColecaoExterna</string></text></a></t></children></ent><atrchave id="10e" nullable="false" attributeType="NUMBER"><children><e id="10f" x="44" y="627" w="80" h="20"><a><fillColor><color rgba="#ffffebeb"/></fillColor></a></e><t id="110" x="65.28515625" y="630.015625"><a><fontUnderlined><boolean>true</boolean></fontUnderlined><fontBold><boolean>true</boolean></fontBold><text><string>nome</string></text></a></t></children></atrchave><atr id="111" nullable="false" attributeType="VARCHAR2(128)"><children><e id="112" x="279" y="638" w="80" h="20"><a><fillColor><color rgba="#ffffebeb"/></fillColor></a></e><t id="113" x="307.5009765625" y="641.015625"><a><text><string>tipo</string></text></a></t></children></atr><atr id="114" nullable="false" attributeType="VARCHAR2(128)"><children><e id="115" x="276" y="577" w="80" h="20"><a><fillColor><color rgba="#ffffebeb"/></fillColor></a></e><t id="116" x="302.0751953125" y="580.015625"><a><text><string>desc</string></text></a></t></children></atr><atr id="117" nullable="false" attributeType="VARCHAR2(128)"><children><e id="118" x="278" y="609" w="80" h="20"><a><fillColor><color rgba="#ffffebeb"/></fillColor></a></e><t id="119" x="289.8779296875" y="612.015625"><a><text><string>endereco</string></text></a></t></children></atr><atr id="11a" nullable="false" attributeType="VARCHAR2(128)"><children><e id="11b" x="278" y="666" w="80" h="20"><a><fillColor><color rgba="#ffffebeb"/></fillColor></a></e><t id="11c" x="293.3203125" y="669.015625"><a><text><string>telefone</string></text></a></t></children></atr><atr id="11d" nullable="false" attributeType="VARCHAR2(128)"><children><e id="11e" x="266" y="696" w="109.630859375" h="20"><a><fillColor><color rgba="#ffffebeb"/></fillColor></a></e><t id="11f" x="276" y="699.015625"><a><text><string>pessoaContato</string></text></a></t></children></atr><lcaf id="120"><points><p colinear="true" x="138" y="637.9712469042558" c1x="30" c1y="42" c2x="30" c2y="42"/><p colinear="true" x="124" y="637.7194421513007" c1x="30" c1y="42" c2x="30" c2y="42"/></points><startConnector><rConnector id="121"><Owner><ent ref="10b"/></Owner></rConnector></startConnector><endConnector><rConnector id="122"><Owner><atrchave ref="10e"/></Owner></rConnector></endConnector></lcaf><lcaf id="123"><points><p colinear="true" x="241.65985576923077" y="619" c1x="30" c1y="42" c2x="30" c2y="42"/><p colinear="true" x="292.7687049278846" y="597" c1x="30" c1y="42" c2x="30" c2y="42"/></points><startConnector><rConnector id="124"><Owner><ent ref="10b"/></Owner></rConnector></startConnector><endConnector><rConnector id="125"><Owner><atr ref="114"/></Owner></rConnector></endConnector></lcaf><lcaf id="126"><points><p colinear="true" x="252.39453125" y="629.6846918489066" c1x="30" c1y="42" c2x="30" c2y="42"/><p colinear="true" x="278" y="625.5145129224652" c1x="30" c1y="42" c2x="30" c2y="42"/></points><startConnector><rConnector id="127"><Owner><ent ref="10b"/></Owner></rConnector></startConnector><endConnector><rConnector id="128"><Owner><atr ref="117"/></Owner></rConnector></endConnector></lcaf><lcaf id="129"><points><p colinear="true" x="252.39453125" y="643.1580292488997" c1x="30" c1y="42" c2x="30" c2y="42"/><p colinear="true" x="279" y="645.0921482322874" c1x="30" c1y="42" c2x="30" c2y="42"/></points><startConnector><rConnector id="12a"><Owner><ent ref="10b"/></Owner></rConnector></startConnector><endConnector><rConnector id="12b"><Owner><atr ref="111"/></Owner></rConnector></endConnector></lcaf><lcaf id="12c"><points><p colinear="true" x="252.39453125" y="656.2333200795229" c1x="30" c1y="42" c2x="30" c2y="42"/><p colinear="true" x="284.8100717905406" y="666" c1x="30" c1y="42" c2x="30" c2y="42"/></points><startConnector><rConnector id="12d"><Owner><ent ref="10b"/></Owner></rConnector></startConnector><endConnector><rConnector id="12e"><Owner><atr ref="11a"/></Owner></rConnector></endConnector></lcaf><lcaf id="12f"><points><p colinear="true" x="232.69522504664178" y="659" c1x="30" c1y="42" c2x="30" c2y="42"/><p colinear="true" x="302.0664499766791" y="696" c1x="30" c1y="42" c2x="30" c2y="42"/></points><startConnector><rConnector id="130"><Owner><ent ref="10b"/></Owner></rConnector></startConnector><endConnector><rConnector id="131"><Owner><atr ref="11d"/></Owner></rConnector></endConnector></lcaf><rel id="132"><children><diamond id="133" x="126" y="465" w="134.826171875" h="40"><a><fillColor><color rgba="#ffddddff"/></fillColor></a></diamond><t id="134" x="136" y="478.015625"><a><text><string>origemEmprestimo</string></text></a></t></children></rel><llabelDoubleUm id="135"><points><p colinear="true" x="193.64479758522728" y="505" c1x="0" c1y="0" c2x="0" c2y="0"/><p colinear="true" x="194.96555397727272" y="619" c1x="0" c1y="0" c2x="0" c2y="0"/></points><startConnector><rConnector id="136"><Owner><rel ref="132"/></Owner></rConnector></startConnector><endConnector><rConnector id="137"><Owner><ent ref="10b"/></Owner></rConnector></endConnector><a><innerStrokeWidthFactor><double>3</double></innerStrokeWidthFactor></a></llabelDoubleUm><llabelDoubleMuitos id="138"><points><p colinear="true" x="193.4673247466216" y="465" c1x="0" c1y="0" c2x="0" c2y="0"/><p colinear="true" x="193.7602143158784" y="357" c1x="0" c1y="0" c2x="0" c2y="0"/></points><startConnector><rConnector id="139"><Owner><rel ref="132"/></Owner></rConnector></startConnector><endConnector><rConnector id="13a"><Owner><ent ref="12"/></Owner></rConnector></endConnector><a><innerStrokeWidthFactor><double>3</double></innerStrokeWidthFactor><text><string>N</string></text></a></llabelDoubleMuitos></figures></drawing>